Nom,ID,X,Y,Z
TESTCO 2251,44714,2157.077351479453,-5239.665554773909,-3756.506978846578
COSMOS 2251 DEB,33757,-6759.1059413261855,2358.669010174587,419.80637328257075
COSMOS 2251 DEB,33758,-1408.6086039300403,-3570.907520192399,5973.613421123339
COSMOS 2251 DEB,33760,3565.5563654462635,-6076.01199377754,1148.1330947149447
COSMOS 2251 DEB,33761,540.7665151724651,-5974.90544049099,3842.671812006456
COSMOS 2251 DEB,33762,6108.109699793633,-3274.9362128070156,1751.129001500008
COSMOS 2251 DEB,33764,-2609.9361414996442,2525.6547962402337,-6136.984965466687
COSMOS 2251 DEB,33765,4049.5785745172493,-1256.187940356914,-5384.31234388451
COSMOS 2251 DEB,33766,6137.659160005715,-3396.364229420869,1561.1423254685735
COSMOS 2251 DEB,33768,-1146.439684610714,-4338.851327618347,-5902.837922254015
COSMOS 2251 DEB,33779,-308.6090869807294,2052.9350850327555,-6721.301442333437
COSMOS 2251 DEB,33782,1747.9645582715877,-6476.857141908468,-2399.113057831619
COSMOS 2251 DEB,33785,-4067.6477508577727,-2801.158846864488,5007.479002281805
COSMOS 2251 DEB,33789,-1706.250677708846,-1088.7448153973069,7086.5937539395345
COSMOS 2251 DEB,33791,1313.3906967248497,4272.113129940981,5559.241854811837
COSMOS 2251 DEB,33792,2691.2290871831483,-212.51312157600458,-7276.073081281613
COSMOS 2251 DEB,33793,1869.0109912089115,1599.1008447610463,-6691.154936686145
COSMOS 2251 DEB,33795,-1667.2188137067212,-4261.297825633424,-5191.067859006587
COSMOS 2251 DEB,33797,-4054.3094114352953,-4580.963925819653,-3624.6626480330883
COSMOS 2251 DEB,33798,-3772.4228650565396,3998.5276895481024,-4544.534600813301
COSMOS 2251 DEB,33799,375.37168498451456,-4009.7704952383774,-5737.97010063254
COSMOS 2251 DEB,33805,3469.064962276977,-4984.629466570575,-3695.247428518873
COSMOS 2251 DEB,33811,108.3508628214761,6839.850295357332,1069.6567085607342
COSMOS 2251 DEB,33816,-6257.787054249561,4040.688998333483,-290.1835125754758
COSMOS 2251 DEB,33818,-3416.4553251727434,5013.117233663401,-3174.577929162328
COSMOS 2251 DEB,33819,-3855.5010067677595,-5626.646795371292,1976.7408972829624
COSMOS 2251 DEB,33821,-1601.1326682503059,6632.306180064408,319.10116586892497
COSMOS 2251 DEB,33822,2342.7303335928123,-526.9990264001027,6868.567310073755
COSMOS 2251 DEB,33823,1276.1246530834371,1976.8588135550158,-6734.188873096031
COSMOS 2251 DEB,33825,5692.940257001027,1172.5465481349142,-3873.491367169413
COSMOS 2251 DEB,33826,3914.656094048233,3586.544071676228,-4722.497076710331
COSMOS 2251 DEB,33828,-865.650270749319,-5748.201447747679,4124.311802809433
COSMOS 2251 DEB,33830,4802.484853122051,2672.8863881246743,4391.079895485622
COSMOS 2251 DEB,33832,4256.120026077031,755.1363133985013,5573.284009685484
COSMOS 2251 DEB,33835,-2235.8379788359853,5788.35294010518,3345.4211203884956
COSMOS 2251 DEB,33836,3057.225188136323,3693.7583559754817,5088.545348349155
COSMOS 2251 DEB,33837,352.7336601822176,4246.960717727938,5703.591728904706
COSMOS 2251 DEB,33838,5644.39421964439,-897.4757121397733,-4203.2656008631175
COSMOS 2251 DEB,33839,5719.399122492941,1596.6649132322837,3871.225633378066
COSMOS 2251 DEB,33841,-2563.1074402834415,1170.2578620075783,-6567.704487458359
COSMOS 2251 DEB,33842,2405.8588819260253,5097.857067098284,-4355.637678109883
COSMOS 2251 DEB,33844,508.6842608728903,-3777.563210189134,-6103.127511976868
COSMOS 2251 DEB,33848,-6363.595014640102,-50.74558055275528,3228.432405954308
COSMOS 2251 DEB,33892,2093.6598597176076,381.56189765621247,-6944.816477754462
COSMOS 2251 DEB,33894,-4000.046838552079,-6734.675725474396,-33.88619734333731
COSMOS 2251 DEB,33896,-4063.644454658944,1870.4462592996897,-5543.601716501663
COSMOS 2251 DEB,33899,1051.3030015448821,-5360.776115369725,-4516.205282628887
COSMOS 2251 DEB,33900,-3148.8973384516394,-1899.736966265351,-6079.077068626606
COSMOS 2251 DEB,33901,-1914.2181824958113,1722.8370707101365,6257.571875867908
COSMOS 2251 DEB,33905,1178.5778638304669,-2859.2351617186523,-6470.199047739751
COSMOS 2251 DEB,33906,-5064.362039143753,4399.396556504091,2303.7878347314986
COSMOS 2251 DEB,33907,4529.762144384146,5378.798464859918,-1253.5351000711455
COSMOS 2251 DEB,33908,-4314.507738970346,-5947.057201377514,485.16963960706516
COSMOS 2251 DEB,33911,-4321.760287118225,3334.9862829417248,-4401.243262105149
COSMOS 2251 DEB,33912,-6313.806477435706,-941.1049698963371,-3107.697601322948
COSMOS 2251 DEB,33913,5511.008112476672,-103.79115777371237,4500.032721192164
COSMOS 2251 DEB,33914,1512.9748605273567,-1620.751742829709,-7204.124140972476
COSMOS 2251 DEB,33915,-2833.8744041010905,-571.0113327043756,6452.414551450832
COSMOS 2251 DEB,33916,-1291.840028734578,6679.068433782337,3413.3610150481727
COSMOS 2251 DEB,33917,-7208.011345671869,-50.00193241448468,2349.7769573333585
COSMOS 2251 DEB,33920,1917.9316067729255,-5383.381488051789,-4147.281448835779
COSMOS 2251 DEB,33922,5530.440178219257,-1080.9222400093986,-4307.393995872022
COSMOS 2251 DEB,33924,-5984.795855890314,4352.2152121386935,2275.9705616185583
COSMOS 2251 DEB,33928,3127.3711385684373,6198.612062688522,1432.9921236171513
COSMOS 2251 DEB,33932,-3000.7591928309894,3512.4341050063,5455.145874677982
COSMOS 2251 DEB,33933,1815.5209502774883,6698.151628651332,-1639.6337187528832
COSMOS 2251 DEB,33934,-2155.54805535032,904.8586024207219,6666.790631828177
COSMOS 2251 DEB,33936,5626.312210299423,4116.757492069468,-1283.2855714839407
COSMOS 2251 DEB,33938,-3811.4450489466763,-745.6782664631254,-5955.0447094949095
COSMOS 2251 DEB,33939,1658.6672268123318,-932.1607563540819,-6609.899111381175
COSMOS 2251 DEB,33940,-5333.6710808418,4225.620610118265,-1961.5520334915905
COSMOS 2251 DEB,33942,3049.4594233817347,-4644.166317261606,4475.306652272868
COSMOS 2251 DEB,33944,-3600.1048322406687,380.23547999114,-6231.925282023837
COSMOS 2251 DEB,33945,-1327.1858514800765,-1482.226610781938,-6881.104932159422
COSMOS 2251 DEB,33948,-931.3538539828447,3091.1493551598387,6381.62337103578
COSMOS 2251 DEB,33971,2003.399391460786,1414.8925952259315,6704.856241865304
COSMOS 2251 DEB,33972,3995.4081602088672,-42.71198662143577,6005.976122141794
COSMOS 2251 DEB,33973,-539.3750808853972,4941.355555224121,-5083.890087873181
COSMOS 2251 DEB,33975,-2336.0657886763374,6568.745974307888,-2331.5354519468624
COSMOS 2251 DEB,33980,3379.5257862310355,6232.796040634691,-249.79424600335278
COSMOS 2251 DEB,33982,-3814.386634402405,1464.3360828355746,5794.530080668088
COSMOS 2251 DEB,33983,-6165.162477906175,1939.286930438463,2971.839887458999
COSMOS 2251 DEB,33984,-1935.3427352377034,-1455.498440026864,-6634.455459814986
COSMOS 2251 DEB,33986,-5053.201212353287,3727.590809236199,-3419.51971350163
COSMOS 2251 DEB,33990,4231.96121430779,-2650.750506944143,-5145.066021641775
COSMOS 2251 DEB,33992,5223.39381016521,-3364.9536139149086,-3316.2368681752864
COSMOS 2251 DEB,33994,6510.7256063208115,2281.9841197162646,1853.0053899467243
COSMOS 2251 DEB,33995,3488.204433724648,-4841.459790127494,3877.4452076997813
COSMOS 2251 DEB,33999,-1457.2804333671365,-3196.6402552264126,5994.916786351519
COSMOS 2251 DEB,34001,-3043.6157877791547,6433.991738462131,790.9066426775681
COSMOS 2251 DEB,34003,2293.7118811716023,-3378.027184375547,-6119.675805846262
COSMOS 2251 DEB,34004,3861.754077005696,-4505.087862495188,-3879.410121761781
COSMOS 2251 DEB,34005,-4177.714108144243,-2305.756722203641,-5293.084116626977
COSMOS 2251 DEB,34006,2162.3606864998806,-5571.581677409436,3454.148776536275
COSMOS 2251 DEB,34007,-6855.462320252858,1700.2363575746904,-42.798605850150764
COSMOS 2251 DEB,34008,2684.692690889043,1346.9155760302547,6503.341437814725
COSMOS 2251 DEB,34009,-6917.136658687556,1095.3612441116356,1563.993939563765
COSMOS 2251 DEB,34011,-2521.1647520822034,2647.0340279959623,6112.390334778217
COSMOS 2251 DEB,34014,729.5403848096773,-6936.386979155108,561.0923184601838
COSMOS 2251 DEB,34015,2417.7044655932164,-2657.7443844428785,6081.14057161076
COSMOS 2251 DEB,34018,4332.563659884443,-2127.4354169071385,-5550.529823301902
COSMOS 2251 DEB,34019,-2708.809636505765,-1589.0939196119157,6423.237047451502
COSMOS 2251 DEB,34021,2881.789012537057,-4419.6586926165555,4752.809950492875
COSMOS 2251 DEB,34022,1655.535100021785,-6878.564739400183,-893.3224418242138
COSMOS 2251 DEB,34023,-1850.2610122910073,-4804.88407725275,-4926.544484065854
COSMOS 2251 DEB,34024,6288.868624898693,-2518.1797055067104,2253.2112839367037
COSMOS 2251 DEB,34026,5506.743457830676,1109.202436817484,-4809.623832442325
COSMOS 2251 DEB,34028,-239.58150292670334,3458.824048766138,6756.855891650476
COSMOS 2251 DEB,34031,1596.1502111035786,1156.1889671624697,-6782.592664457543
COSMOS 2251 DEB,34035,6456.869953207823,403.2591556631288,2873.383743476517
COSMOS 2251 DEB,34036,-3902.928647029176,5689.6434186362885,-398.5400269186904
COSMOS 2251 DEB,34037,3281.8845179190066,5268.843866588546,-3582.2653593036634
COSMOS 2251 DEB,34040,-474.4806176407489,4649.8875612302845,-5691.903803446209
COSMOS 2251 DEB,34045,-5519.639484625564,4113.52831166799,2017.8638131611467
COSMOS 2251 DEB,34046,2030.036901898238,2640.662547790624,6212.658068124821
COSMOS 2251 DEB,34050,-1055.1349253974897,-3882.543187305204,-6267.042593683054
COSMOS 2251 DEB,34053,-2379.92029186915,6122.920894973948,3517.077338372738
COSMOS 2251 DEB,34056,-475.86726085237035,-4996.103085362574,5039.93566684259
COSMOS 2251 DEB,34058,931.4887550636881,-2252.2788261511464,7122.187514362219
COSMOS 2251 DEB,34059,-4760.151654486159,478.52999947350855,-5239.3490515365065
COSMOS 2251 DEB,34061,-1165.2219770824195,6975.263764045556,-1027.5050752066952
COSMOS 2251 DEB,34062,-3491.635634381926,1822.4317568325685,5784.352317577063
COSMOS 2251 DEB,34064,-280.4048123327566,6023.475858297546,3823.3724092188054
COSMOS 2251 DEB,34065,341.0866675324299,-7125.116660901235,-145.53296697744972
COSMOS 2251 DEB,34070,-2308.564035362143,1325.4149715474218,6469.578287825968
COSMOS 2251 DEB,34114,4346.939575335049,5375.327058100666,1348.4254983254418
COSMOS 2251 DEB,34115,-4556.565423586126,-4365.097634207083,-2999.3659496135283
COSMOS 2251 DEB,34116,5964.023192755501,-157.29846413781257,3824.923702093113
COSMOS 2251 DEB,34117,1239.154706113271,1878.4169289288302,6734.865843739188
COSMOS 2251 DEB,34118,3597.1821892860066,1477.5225258667458,5756.040087751276
COSMOS 2251 DEB,34120,-1136.8639759968983,2791.1834848549447,-6750.999435428457
COSMOS 2251 DEB,34121,-3357.5726395184433,647.8550687584091,6552.1550674038635
COSMOS 2251 DEB,34122,328.73367277074664,-4154.571750993337,5740.560320703338
COSMOS 2251 DEB,34127,-3158.478356875163,-6321.736883571479,655.1125128828867
COSMOS 2251 DEB,34128,-1891.487774128724,1369.7975513858985,-6498.616595873689
COSMOS 2251 DEB,34129,219.30395897861436,2061.343812109545,6687.569342282366
COSMOS 2251 DEB,34136,1781.8515361148636,-1137.2201734115094,-6744.872183486368
COSMOS 2251 DEB,34139,2039.5943703764558,79.22728650764655,6786.759342568297
COSMOS 2251 DEB,34141,1875.4317694567212,-1031.9383983510106,-6812.574047229169
COSMOS 2251 DEB,34270,520.4326479657378,2527.34981500952,6531.867562580817
COSMOS 2251 DEB,34271,6798.793023857934,1718.9058156885644,-168.15600634338628
COSMOS 2251 DEB,34273,-1909.3231002637617,-1448.8624199049887,6630.437532619409
COSMOS 2251 DEB,34274,511.44717339592717,-3318.235411038091,-6202.500680051266
COSMOS 2251 DEB,34276,-1322.0840205769082,-5457.907570990529,4282.817467986479
COSMOS 2251 DEB,34297,1832.5831436783562,-5512.411991170306,-4152.369248382874
COSMOS 2251 DEB,34301,-2326.5716240172237,3165.2779079076877,-5755.13999120985
COSMOS 2251 DEB,34302,-161.73325659906274,2547.2358688789695,-6614.378823313156
COSMOS 2251 DEB,34303,-156.51752250508508,-4039.899121727663,-5810.524426011116
COSMOS 2251 DEB,34304,3499.637882233011,-4830.977128789239,3901.480170529786
COSMOS 2251 DEB,34307,-2957.721444137828,-2490.5019943430198,-6281.152256695844
COSMOS 2251 DEB,34314,1090.3150359036108,1670.6472202561001,6870.953401920701
COSMOS 2251 DEB,34316,-1358.1516344598174,-1366.394725180324,-6682.80006350972
COSMOS 2251 DEB,34317,-1058.2656526066914,5376.6849872535295,4581.369190421747
COSMOS 2251 DEB,34321,6675.719591672253,-1282.580567094442,-2044.373184592625
COSMOS 2251 DEB,34323,2538.3070946488237,-1179.8701138720412,-6462.276319647666
COSMOS 2251 DEB,34325,-850.2643192833978,-3340.6499785776505,6490.955524393998
COSMOS 2251 DEB,34327,-5921.015369184071,3268.214341927918,-1631.2361899720406
COSMOS 2251 DEB,34340,4813.327689432469,1052.6827185969091,5148.818584041356
COSMOS 2251 DEB,34343,693.5608256685215,6975.147121059655,-458.85135078592793
COSMOS 2251 DEB,34344,-3577.5067332714157,996.0549301783392,6280.916813235135
COSMOS 2251 DEB,34346,-5864.755585328332,71.00893713718338,-4321.456583837345
COSMOS 2251 DEB,34383,-1040.3668905183351,-6711.478563820383,-485.9723150287417
COSMOS 2251 DEB,34387,2106.0713445742913,-695.5490065994916,6790.330295773043
COSMOS 2251 DEB,34388,-255.12583917618704,-3245.522255165817,6315.888826199054
COSMOS 2251 DEB,34389,-605.4006883626348,-6996.799034188039,1137.5431631969238
COSMOS 2251 DEB,34396,474.1784989233554,3048.436095389495,-6306.003321002367
COSMOS 2251 DEB,34409,854.9216110228418,1982.0567751622318,6761.125109468735
COSMOS 2251 DEB,34410,2975.264453248961,-165.3244602373302,6098.367109906052
COSMOS 2251 DEB,34412,5917.583965746587,-2197.1006792820153,2964.6804109360974
COSMOS 2251 DEB,34413,1870.8349681099187,-6863.052739253586,387.8196804951306
COSMOS 2251 DEB,34420,2273.212085273305,-2269.4421958347516,-6249.757174232124
COSMOS 2251 DEB,34425,1968.0216938522392,5072.930401608176,4495.423613501023
COSMOS 2251 DEB,34430,1317.0960035831924,-3544.264735921831,-6023.437292610481
COSMOS 2251 DEB,34431,4702.558914964428,-245.9073510826611,5340.748868441054
COSMOS 2251 DEB,34432,-4325.730996723716,5643.989230776554,-2011.7967259944608
COSMOS 2251 DEB,34433,-3700.8400731809716,-1906.34938478125,5999.911019792848
COSMOS 2251 DEB,34434,-1343.55773100287,1450.0677783313383,6896.843499049588
COSMOS 2251 DEB,34446,1097.389048004964,-2195.3512483622826,-6681.928608113451
COSMOS 2251 DEB,34449,720.6303814931761,-2016.086373554404,-6596.79149285788
COSMOS 2251 DEB,34451,240.02591763360525,4223.397469331092,5445.001718728889
COSMOS 2251 DEB,34452,-1655.202601635723,2794.267316101979,-6101.084574742421
COSMOS 2251 DEB,34454,-1778.1035862687265,-866.7894187485725,-6846.897238984673
COSMOS 2251 DEB,34459,2971.565336386903,-3200.3366219637087,5833.568040096982
COSMOS 2251 DEB,34468,2027.9935181446067,-5001.249485137246,4622.059110186309
COSMOS 2251 DEB,34472,-6353.280425794024,2642.3179205141705,3177.7812679457193
COSMOS 2251 DEB,34474,-2396.729899945968,-1865.8319635735734,-6703.692067938163
COSMOS 2251 DEB,34476,3855.942979061953,-6154.723372656218,1876.6456714751916
COSMOS 2251 DEB,34477,-2554.4271174227956,-6315.826728289497,1789.617031243863
COSMOS 2251 DEB,34478,-6138.194566807571,2554.7609098099792,-1533.0147129952209
COSMOS 2251 DEB,34481,2483.8216240149636,6766.059276654743,-138.8208307708676
COSMOS 2251 DEB,34482,-4388.162041760831,-4693.675318987012,2902.5944650917418
COSMOS 2251 DEB,34544,2248.9191814414826,517.6828441568493,7332.849907583576
COSMOS 2251 DEB,34546,2105.1002529186853,625.4031132023584,6777.29273316623
COSMOS 2251 DEB,34547,-1782.227110554211,-1284.5982432884807,6648.422029521742
COSMOS 2251 DEB,34553,360.7791518812757,2098.7204690222793,-6738.555411730028
COSMOS 2251 DEB,34554,-2131.8609647534518,4376.221633302162,5241.342364140729
COSMOS 2251 DEB,34556,-1454.4503195553111,5701.123573255167,-3806.719471919922
COSMOS 2251 DEB,34560,3311.755191268061,-774.4088798011211,-6141.5727338126135
COSMOS 2251 DEB,34563,-1199.0086755644363,-2998.558092681271,6341.465726283516
COSMOS 2251 DEB,34564,2850.719632264306,3391.503187622079,5602.034935518353
COSMOS 2251 DEB,34567,-3253.3399466664428,-1753.6244052061993,6211.24511495212
COSMOS 2251 DEB,34569,4840.692771609285,2100.0449710824983,4974.8351506622785
COSMOS 2251 DEB,34570,2884.169114869196,4870.856099013467,4397.942863341792
COSMOS 2251 DEB,34571,-5325.406572988456,409.8059163821348,-4726.102447107762
COSMOS 2251 DEB,34572,-443.771620061242,-2754.576071222587,6480.915321959964
COSMOS 2251 DEB,34574,4700.9275969821165,4681.095036811846,2183.497399044679
COSMOS 2251 DEB,34576,-5747.816744991554,3610.0801956860887,2040.6894530603859
COSMOS 2251 DEB,34579,-3058.5059843195895,-5786.277373449377,2822.1162145955363
COSMOS 2251 DEB,34582,62.69819437290717,5403.7414181768945,4679.831916622549
COSMOS 2251 DEB,34588,-738.621675621248,-4483.10138252763,-5483.961626623084
COSMOS 2251 DEB,34589,2115.852165244085,-4612.989019806499,-5455.288539045294
COSMOS 2251 DEB,34590,5933.403248118741,-3807.73862573202,-393.7972525638494
COSMOS 2251 DEB,34609,-4067.333845011618,3539.159724007271,4755.625069762384
COSMOS 2251 DEB,34610,406.8380776699473,3604.8222424417427,6270.462558237819
COSMOS 2251 DEB,34611,1818.648167888211,-5657.062676135364,-3779.1193780007884
COSMOS 2251 DEB,34613,3437.3088163483203,-6292.413550029336,223.20161801586823
COSMOS 2251 DEB,34614,-2267.0135419970625,1725.0074556427207,6706.401960743928
COSMOS 2251 DEB,34615,3609.8410232792585,-2150.0248690715907,-6068.623458749678
COSMOS 2251 DEB,34619,-5190.649154978123,-3030.0893312537596,3793.6909193339848
COSMOS 2251 DEB,34620,3132.9713345254545,705.7461382361223,6336.961025416317
COSMOS 2251 DEB,34622,1633.891365618387,1341.4649594172463,6845.015074261181
COSMOS 2251 DEB,34626,5442.462815109286,-4220.051736883315,1293.3014000477178
COSMOS 2251 DEB,34634,5557.546995212252,4220.682912061354,-1297.8636792300517
COSMOS 2251 DEB,34635,685.7267835789177,5216.121818474936,4646.838232676278
COSMOS 2251 DEB,34637,-696.7500579730327,-4028.9493352045065,5713.8701732816035
COSMOS 2251 DEB,34641,1135.5023387722115,6829.1817885770815,-1515.6989789348643
COSMOS 2251 DEB,34642,-6080.515709965763,-567.0812022431534,3659.681233150459
COSMOS 2251 DEB,34671,-4866.599790673479,4271.174232090972,2778.2279076028162
COSMOS 2251 DEB,34672,-5642.223969300688,3507.6222398226764,-2689.8412772254514
COSMOS 2251 DEB,34678,6522.376514614477,2686.3688508690216,-1225.0965018258808
COSMOS 2251 DEB,34680,1589.788590426767,1117.655212791752,-6797.2286069895345
COSMOS 2251 DEB,34681,866.7930242354455,-6887.906757920649,-718.7640315403445
COSMOS 2251 DEB,34682,1843.237143707757,4146.860763224905,-5443.8629702806875
COSMOS 2251 DEB,34683,1829.0158807517835,-2852.9541024106256,-6188.946244208808
COSMOS 2251 DEB,34685,5982.73708287505,-3557.7416059524435,1228.2355132222838
COSMOS 2251 DEB,34689,-2058.5786794040446,-6670.951885864205,-1672.4711486583676
COSMOS 2251 DEB,34721,3568.6606083852807,-1654.5777287246651,-5984.1704545507255
COSMOS 2251 DEB,34722,-5532.879486979647,1135.7130963859136,4578.937531735338
COSMOS 2251 DEB,34726,-3407.0935078546895,-1122.3503081887359,-6132.175366857214
COSMOS 2251 DEB,34728,3201.6259135903633,4017.233217911462,4827.234925311403
COSMOS 2251 DEB,34729,-682.5110980304369,-1820.0628788387028,-6723.392965382119
COSMOS 2251 DEB,34732,2413.1625728213317,-5305.623494443984,-4036.2649195275035
COSMOS 2251 DEB,34738,-6160.065933241967,2225.664100311252,2830.5482158535574
COSMOS 2251 DEB,34750,5172.569406654,878.4364631761563,4687.68572840077
COSMOS 2251 DEB,34752,6314.332197634294,-2762.050999409873,-602.1308562276042
COSMOS 2251 DEB,34754,-2326.837402391756,-191.55145451791174,-6729.352363286063
COSMOS 2251 DEB,34755,5848.61665335606,140.11894726780943,4368.750236899749
COSMOS 2251 DEB,34756,-4189.843784399499,-2.7916534929725154,5937.732355263708
COSMOS 2251 DEB,34758,-2966.4470409713012,1893.8973643832935,6254.257417932562
COSMOS 2251 DEB,34760,4876.781172658354,-4125.103053065298,-3189.4518492161224
COSMOS 2251 DEB,34761,-6489.491793824606,-2545.4181209788358,-1683.847838140129
COSMOS 2251 DEB,34784,1037.4924353224715,-2940.147349460098,-6384.92825689928
COSMOS 2251 DEB,34790,1878.0160627012317,4293.571338068577,5527.578639810736
COSMOS 2251 DEB,34792,178.69082675252443,1940.5095837789856,-6805.482032671151
COSMOS 2251 DEB,34793,1456.2404666991913,6448.120947635661,2772.055955276072
COSMOS 2251 DEB,34796,-503.1857733206858,-3114.4109442290123,6425.11445010058
COSMOS 2251 DEB,34797,3032.9813890247824,-4200.129409722419,-4841.527437102737
COSMOS 2251 DEB,34813,-6239.564674715218,17.687063864999036,-4443.8643794980435
COSMOS 2251 DEB,34814,1387.7746371360513,1574.1683742258067,6828.892385685641
COSMOS 2251 DEB,34815,-4332.200570813169,-3963.012793039647,-3805.186953816638
COSMOS 2251 DEB,34816,538.3579027240993,-2053.600335490424,7315.867517464263
COSMOS 2251 DEB,34818,4869.04497507131,-5204.216226770895,249.0882489927895
COSMOS 2251 DEB,34819,1200.3552661458605,1514.6394759930613,-6784.07597426781
COSMOS 2251 DEB,34823,-2769.6560037487725,5672.091850139776,3316.1303632337067
COSMOS 2251 DEB,34845,6283.685511245063,-1555.3360910490535,-2954.3140254145073
COSMOS 2251 DEB,34846,-1707.190737288094,4011.61515483939,-5613.40801618465
COSMOS 2251 DEB,34852,-1560.2940598639166,-2381.543048817054,-6553.583444304433
COSMOS 2251 DEB,34854,-504.3524379205777,-1919.3217421586398,6743.46387388784
COSMOS 2251 DEB,34856,4106.706063492235,5261.996543468141,-1827.789675876142
COSMOS 2251 DEB,34857,-2918.0121935269926,5633.807223840603,3214.0272311853178
COSMOS 2251 DEB,34861,-3054.2308195573355,690.2567346977295,6079.727153118799
COSMOS 2251 DEB,34874,1885.0083669544226,2164.228628440594,-6583.379792432396
COSMOS 2251 DEB,34875,-3579.613458192849,-956.4741697177652,6069.747468103095
COSMOS 2251 DEB,34878,163.42776091994702,-4957.334713401353,5425.968043919481
COSMOS 2251 DEB,34879,-4701.233550911475,1745.4236807194468,5477.806296952454
COSMOS 2251 DEB,34882,4854.26020382317,3725.2211561124973,3636.7889331758292
COSMOS 2251 DEB,34883,-2811.119693566306,-4277.04196070224,4846.668163476089
COSMOS 2251 DEB,34884,5408.447341682622,3150.32963308022,-3026.778836820899
COSMOS 2251 DEB,34885,-6184.45595628112,-73.65049513266331,-3489.926203127191
COSMOS 2251 DEB,34908,-2970.4263028233836,-49.1859764011837,6492.066007547679
COSMOS 2251 DEB,34909,3125.178666495509,4004.6908113760232,-4917.9426931167045
COSMOS 2251 DEB,34910,-561.8850911334457,2175.121604837842,-6822.2396849118395
COSMOS 2251 DEB,34911,1029.1473027731106,5665.9761821472475,-4148.284207585224
COSMOS 2251 DEB,34913,3263.0816843167136,-2332.7077540580244,5906.720429253991
COSMOS 2251 DEB,34918,5145.469401851366,-3896.1940138510536,2894.4598833888545
COSMOS 2251 DEB,34924,1.5009926174138266,-7005.290923378258,709.3642266003789
COSMOS 2251 DEB,34944,-1305.9913929979775,-6708.177859353068,2024.5438876706905
COSMOS 2251 DEB,34946,-1438.391467883008,2378.2063433409685,6451.893003787835
COSMOS 2251 DEB,34949,919.1492076718173,-6554.063820072699,2222.7723949047268
COSMOS 2251 DEB,34953,6352.197443254914,2933.777830042299,-339.79522801087325
COSMOS 2251 DEB,34955,-5127.297386678175,-4110.2605450889805,-2233.5806785632026
COSMOS 2251 DEB,34962,4824.40123521275,442.40376084302994,5217.665480237111
COSMOS 2251 DEB,34963,956.6012528435942,-1891.3243532085594,-6768.658266232897
COSMOS 2251 DEB,34964,-6622.790544810292,-2139.49699216398,1587.4545348801591
COSMOS 2251 DEB,34965,-2429.392218813917,-353.2982582153557,6677.457917861593
COSMOS 2251 DEB,34967,-58.715725435910834,-6758.5688063271555,2148.755625086015
COSMOS 2251 DEB,34968,3025.420789609891,5642.482912830464,3142.388524486467
COSMOS 2251 DEB,34969,5541.858116748995,3807.0545056626497,-2611.2569174581963
COSMOS 2251 DEB,34971,-2797.052292122325,6047.79985602703,-2422.119625676624
COSMOS 2251 DEB,34972,4848.7346781531305,2843.8652553788206,-4253.487885331514
COSMOS 2251 DEB,34976,-3517.409791181496,3400.9105328248197,-5013.481455866973
COSMOS 2251 DEB,34979,-1869.203733982057,-6557.854271334965,-1513.6405189151785
COSMOS 2251 DEB,34990,2092.8123262731297,3049.827812132001,6098.756156776713
COSMOS 2251 DEB,34997,1469.5468491613735,1371.7731375575663,6879.586592705257
COSMOS 2251 DEB,34998,3184.2085894662787,1140.8842782724093,-6237.934063670403
COSMOS 2251 DEB,35012,-4019.6789232746387,5842.21887310157,1058.0148787656487
COSMOS 2251 DEB,35014,-2184.925692956682,-3527.932168203412,-5658.33220528036
COSMOS 2251 DEB,35015,-2748.201224333725,-1192.9025125441215,-6499.135260560038
COSMOS 2251 DEB,35016,4767.219727031065,-4625.2420671457485,2847.222845198426
COSMOS 2251 DEB,35018,7108.55518097827,-2582.6002962899743,588.2906943722502
COSMOS 2251 DEB,35020,-5438.101475013939,-3022.8282300605583,3408.6330806420856
COSMOS 2251 DEB,35022,5798.622073419222,-3968.3381246750796,848.2109310700738
COSMOS 2251 DEB,35023,4872.084824395983,-372.6854018210466,4923.077604711122
COSMOS 2251 DEB,35025,-1489.7133144150907,1265.1510160914502,6800.289036382953
COSMOS 2251 DEB,35026,2321.7058430773027,704.4657461369908,6612.805880644086
COSMOS 2251 DEB,35028,1561.689060926669,-5951.3231651084125,3396.835177407108
COSMOS 2251 DEB,35031,-2044.2405257792213,1724.7767080667027,-6624.004676897774
COSMOS 2251 DEB,35032,2852.231420098614,-1531.6751517446942,-6316.037772902313
COSMOS 2251 DEB,35033,-4069.1701060765045,1354.3400528866637,-5655.752038788235
COSMOS 2251 DEB,35038,2988.912962247382,6440.747065981667,-270.1095059881032
COSMOS 2251 DEB,35043,-5830.57966314544,-3734.207437227059,355.65906290776724
COSMOS 2251 DEB,35045,1832.4245813704463,-1147.9778465954867,-6831.081156854317
COSMOS 2251 DEB,35060,1448.5422318081992,6977.345265677259,-433.66306265912993
COSMOS 2251 DEB,35061,-130.81826705860206,3407.955324717339,6162.411939625487
COSMOS 2251 DEB,35062,-98.45279096264349,3987.4425530536223,-6058.8429833437685
COSMOS 2251 DEB,35065,5337.6664976847815,970.7964919613414,4619.056939217433
COSMOS 2251 DEB,35071,5657.6708311462935,-2627.20073255703,-3096.0302404109357
COSMOS 2251 DEB,35073,-610.8427910934897,3939.130289123007,5608.204346285596
COSMOS 2251 DEB,35284,1736.9422229122179,1467.5941815762453,6773.048188320501
COSMOS 2251 DEB,35287,3235.641866020987,-5233.673992837987,3616.5128024288015
COSMOS 2251 DEB,35288,6880.552746568632,1593.1242599014133,404.8616341033555
COSMOS 2251 DEB,35290,-4680.435870989052,-3556.2769106474116,3763.942019074818
COSMOS 2251 DEB,35433,-7128.64682972467,386.3822945964157,-718.9631122210002
COSMOS 2251 DEB,35434,535.1033725196885,3818.5032752066973,-5998.5772030572625
COSMOS 2251 DEB,35435,-160.3610999789608,6931.472462742164,-1004.8096086562487
COSMOS 2251 DEB,35439,-4521.301493270466,1995.2881198902278,-5134.859682130427
COSMOS 2251 DEB,35440,2133.9012870562565,-1136.7811933649532,6653.923977263098
COSMOS 2251 DEB,35441,-2273.3144893683802,5750.525987144899,3341.7458815864306
COSMOS 2251 DEB,35442,-960.3080272366659,4851.133574998516,4902.799106879569
COSMOS 2251 DEB,35443,1734.0838670621356,832.4768923761703,6562.881598364577
COSMOS 2251 DEB,35445,616.4081529097698,2603.587665740822,6585.074050751294
COSMOS 2251 DEB,35446,-2695.9077562713683,-388.7025578748743,-6595.560835241803
COSMOS 2251 DEB,35448,459.2312735031163,6644.824404099394,-2440.848228096736
COSMOS 2251 DEB,35451,4339.589437491998,2765.4162240252494,-4211.341316050163
COSMOS 2251 DEB,35453,5632.651482395363,2639.808424056286,-3606.711487687733
COSMOS 2251 DEB,35455,-4052.6818615997217,3961.577890822152,-4381.386078279676
COSMOS 2251 DEB,35456,2820.2953991975523,-6355.45691141131,-1033.9274230793815
COSMOS 2251 DEB,35459,-2707.3231525719525,-2772.5036499739444,5985.922765682161
COSMOS 2251 DEB,35462,2527.6879303025103,-1636.9127934914277,6554.876395314881
COSMOS 2251 DEB,35465,5753.042381021288,3684.832233920306,-2116.519722645954
COSMOS 2251 DEB,35469,6147.982058524175,3596.7869864432355,-649.1912289881863
COSMOS 2251 DEB,35475,-4923.744641541847,2932.1576582313746,-4091.40075860745
COSMOS 2251 DEB,35476,-3808.359336185589,-2333.495337657831,5397.2587458769
COSMOS 2251 DEB,35580,-4665.844958560102,-1826.9473269876692,-5483.15161211264
COSMOS 2251 DEB,35583,2147.7616091512427,-226.93394688466637,7392.8974447040955
COSMOS 2251 DEB,35585,-5891.33415692518,-4355.470807567705,-408.34135821252954
COSMOS 2251 DEB,35586,-1864.147216222932,1914.5268883236633,6950.433950695411
COSMOS 2251 DEB,35587,-2963.6207645113705,-5492.021142715231,-3100.978771959315
COSMOS 2251 DEB,35593,-3418.976826247006,5390.553583669608,3367.7502653160823
COSMOS 2251 DEB,35594,-1607.3724640877583,2709.6451764402445,6208.038278721921
COSMOS 2251 DEB,35602,-1377.2492865302338,3543.191735147998,-5712.450716599667
COSMOS 2251 DEB,35606,-3056.964967798941,-5041.99761779871,4756.450903990094
COSMOS 2251 DEB,35611,-6943.903960437199,672.2209506972325,856.8113720346471
COSMOS 2251 DEB,35614,69.87436789889597,-2440.4428472574145,-6661.807256490287
COSMOS 2251 DEB,35645,-1773.5897728283123,-1439.382816671349,6744.264836361089
COSMOS 2251 DEB,35646,2374.8848624713814,-6131.422768786697,2988.4462848441076
COSMOS 2251 DEB,35647,-3799.7494451279254,2540.953330492732,-5497.6680211219245
COSMOS 2251 DEB,35650,6602.4533487797435,73.50643929892318,-2251.791557436364
COSMOS 2251 DEB,35660,4350.85980983679,-4624.135208743928,3180.6990468034014
COSMOS 2251 DEB,35661,3349.50978814616,4366.442307928293,-4392.876109190622
COSMOS 2251 DEB,35663,3902.2204624577876,-3641.309814321879,-4602.772550402986
COSMOS 2251 DEB,35667,-64.23636694323046,-2332.7851449236546,6654.548183151413
COSMOS 2251 DEB,35668,-2388.8688641322706,436.37496361424263,-6570.591675571259
COSMOS 2251 DEB,35669,-5637.94530112688,-2452.684333615216,-3720.507632411237
COSMOS 2251 DEB,35670,206.20335511708473,2671.387549412372,6408.221191095107
COSMOS 2251 DEB,35671,-1956.1419107582128,-894.3728487784836,6782.321051634155
COSMOS 2251 DEB,35674,5683.464585373806,-3975.756581916894,1207.1843597971265
COSMOS 2251 DEB,35701,7339.990272807085,-1446.8369616533041,743.1047174799595
COSMOS 2251 DEB,35703,3795.128033813669,3423.596868621538,4663.313226109011
COSMOS 2251 DEB,35705,-5067.79302374614,4571.133231155455,1527.7215334163502
COSMOS 2251 DEB,35706,-3373.2124359019062,4295.976199172019,4929.406889332492
COSMOS 2251 DEB,35711,2884.498739550285,22.99441993480964,6497.792346213703
COSMOS 2251 DEB,35716,1326.0808551183777,-1646.9396329535023,6755.679665939372
COSMOS 2251 DEB,35717,4365.707556081211,4271.073215855236,3718.8845146149743
COSMOS 2251 DEB,35718,-3757.594644351533,2515.6461118323177,5380.111061424379
COSMOS 2251 DEB,35721,3907.4666423249305,-929.607998258797,6034.7923963621215
COSMOS 2251 DEB,35724,-4030.3324143507834,5815.131705957302,597.3557347399234
COSMOS 2251 DEB,35759,-2820.4691852656956,247.46516751057675,-6408.337641456612
COSMOS 2251 DEB,35764,3446.042092820763,-3241.2182947601536,-5184.215826257045
COSMOS 2251 DEB,35771,-5999.104652501735,1082.9869395867981,-3601.3861789839984
COSMOS 2251 DEB,35773,-3781.7762551832884,-537.5289701229126,-5979.499049252222
COSMOS 2251 DEB,35777,-6479.840121546222,-1742.0109773705196,3386.3248851658404
COSMOS 2251 DEB,35784,1297.7105731131176,-6849.908319963228,-1216.0211042532076
COSMOS 2251 DEB,35786,-1209.4079832961581,1496.723470144973,6747.692106930916
COSMOS 2251 DEB,35789,1882.6627943822652,-5514.816651198396,-4101.739279360048
COSMOS 2251 DEB,35793,3340.391891430391,1378.200380912431,-6003.205270119866
COSMOS 2251 DEB,35824,2102.3114039980846,1706.7975665154054,-6957.94564615811
COSMOS 2251 DEB,35825,-2226.708070093409,-2583.899038721294,6820.117734698145
COSMOS 2251 DEB,35829,-113.96145673908637,7001.966138925199,295.0114142607201
COSMOS 2251 DEB,35830,-1169.4101423959607,-2901.59044166757,-6447.518868615378
COSMOS 2251 DEB,35834,1818.935854025539,1245.1802363217114,6792.451130792391
COSMOS 2251 DEB,35835,1133.9008319473323,1677.0814701481897,6864.381887147543
COSMOS 2251 DEB,35836,6860.495309335034,-1410.1118620726695,-292.05563826664684
COSMOS 2251 DEB,35837,1502.822373038634,6935.122736923498,-935.2330898346381
COSMOS 2251 DEB,35840,-1003.9242863602823,-1806.2916529925212,6773.436120383767
COSMOS 2251 DEB,35883,-1818.162007710038,-6703.129869427673,1172.440527392193
COSMOS 2251 DEB,35884,7159.945372181922,-273.7890332113665,567.8353243049145
COSMOS 2251 DEB,35885,-4705.132164607366,3998.5843061508863,-3628.5094696192145
COSMOS 2251 DEB,35888,-766.6177065253734,-1947.4907668172573,-6801.488277816588
COSMOS 2251 DEB,35890,3620.091922296223,5105.358295836245,3369.8499897084394
COSMOS 2251 DEB,35891,3912.483917997027,4970.51873097424,2452.1564057013866
COSMOS 2251 DEB,35895,-5765.877871991672,-3346.437231357654,-3118.8789341675847
COSMOS 2251 DEB,35898,629.656098606844,5191.719129616058,4618.695769989468
COSMOS 2251 DEB,35901,-2575.2059028506947,-1213.9028658625436,-6173.3025274831025
COSMOS 2251 DEB,35902,2718.296083393096,5408.531885452327,3987.642588435584
COSMOS 2251 DEB,35905,-5619.409620410465,-2014.5800160085291,3648.5963746765583
COSMOS 2251 DEB,35959,-1007.9263676442147,2782.521864042597,6511.494901522307
COSMOS 2251 DEB,35961,2992.8706197391343,1000.3788256424327,6377.28594545082
COSMOS 2251 DEB,35975,-4882.111561872502,-752.8734231057558,-5316.141841698708
COSMOS 2251 DEB,35979,3662.959530134827,5592.524347543636,-2215.1196973083256
COSMOS 2251 DEB,35980,1614.568902998629,1077.6263037433307,-6778.662775871565
COSMOS 2251 DEB,35982,822.6909744197808,-2130.0777497390172,-6683.996687857122
COSMOS 2251 DEB,35987,6188.08997038871,-1576.3008062355907,3084.964259720515
COSMOS 2251 DEB,35989,3386.494007727872,-6264.025309446388,-422.7810597902092
COSMOS 2251 DEB,35993,-5725.145379479804,1907.732781038086,-3664.2670543370227
COSMOS 2251 DEB,35996,-1467.4104519232442,1682.8005023568912,6480.714125599031
COSMOS 2251 DEB,35997,6104.116523060706,2396.6502788808325,-2698.6589964518575
COSMOS 2251 DEB,36000,2995.225568901532,3311.5909394246114,-5353.545567338044
COSMOS 2251 DEB,36005,657.1322230075461,-6378.428833476718,2996.4819959920505
COSMOS 2251 DEB,36045,-4824.846775874814,-4111.290070169779,3055.3051541819054
COSMOS 2251 DEB,36046,1382.5980946475827,-6304.787064013206,2736.6955547396333
COSMOS 2251 DEB,36047,-334.25869019423396,-2426.4758442217885,-6476.025035239902
COSMOS 2251 DEB,36048,-4113.804147929875,1882.0544733890258,-5535.047300652625
COSMOS 2251 DEB,36049,-1570.1411903148546,-1131.0748436877575,6777.897739726831
COSMOS 2251 DEB,36050,-1310.292762576026,-1716.6819829375802,6611.473174463673
COSMOS 2251 DEB,36053,4282.046056266913,-3627.499016992615,4292.797712955298
COSMOS 2251 DEB,36058,5012.306521645408,2046.8457224454758,-4607.88803203691
COSMOS 2251 DEB,36060,-3095.6547028819896,-3195.879414181577,-5563.533623133949
COSMOS 2251 DEB,36061,725.2107506373693,-1842.5400422281934,-6908.745410627907
COSMOS 2251 DEB,36073,249.5489368319329,2011.306561374322,6851.585172237333
COSMOS 2251 DEB,36074,1440.3404543537279,1728.3676392862349,6721.269252507695
COSMOS 2251 DEB,36366,3068.4667769699327,-5871.6534909740185,2745.2449350572606
COSMOS 2251 DEB,36367,2154.3248163355283,-2289.804822955465,6722.056772454138
COSMOS 2251 DEB,36369,3113.4711842317515,6288.861032768742,-229.51208828721602
COSMOS 2251 DEB,36371,4110.6976910450385,-39.54273238054006,-5699.987985979394
COSMOS 2251 DEB,36379,-3502.5737377050577,4329.7307145501245,4478.575092812036
COSMOS 2251 DEB,36385,5434.310547079382,-4136.014966513171,1760.5391914564955
COSMOS 2251 DEB,36420,-1813.836286606727,6532.876281395766,2300.411320314085
COSMOS 2251 DEB,36423,-5328.298094286561,38.610447531866726,-4455.690867225133
COSMOS 2251 DEB,36430,3077.464794181918,-975.7718430900097,-6339.890616922653
COSMOS 2251 DEB,36437,3806.561973710271,3503.4692177257366,4768.349467471422
COSMOS 2251 DEB,36439,-2117.6781344624274,1280.6849299506355,6776.265334239066
COSMOS 2251 DEB,36441,-2729.3509340552764,-115.22164708594747,-6403.348200855095
COSMOS 2251 DEB,36451,-7013.224428468763,417.81794193568925,962.0662440554823
COSMOS 2251 DEB,36453,-1234.3062874774628,-1583.0051817820884,6774.129416925602
COSMOS 2251 DEB,36459,6233.543075784416,1383.2937649514668,-3322.7888485992194
COSMOS 2251 DEB,36470,5600.550646742685,3246.413900267676,2177.4394965401307
COSMOS 2251 DEB,36528,6798.954873463166,-1587.7789063477426,-1360.7478436597548
COSMOS 2251 DEB,36533,3156.1609876308944,-1731.050091634147,-6091.742456780298
COSMOS 2251 DEB,36539,-2955.7769791658507,-5936.463969448028,-2426.0073654560288
COSMOS 2251 DEB,36540,-802.2591954464431,1897.0337721943479,-6764.785171478766
COSMOS 2251 DEB,36550,5992.33919855081,3260.1553729212715,2135.5795720989936
COSMOS 2251 DEB,36551,-6606.473515602342,1126.0800573410688,-1637.500639438703
COSMOS 2251 DEB,36557,-3278.2816080312705,3821.089816267329,4865.334560310433
COSMOS 2251 DEB,36558,1448.9469802857982,1518.0178146850876,-6765.834922889068
COSMOS 2251 DEB,36559,748.0084800192806,3495.7351759371068,6135.622478642924
COSMOS 2251 DEB,36614,-6835.754777764388,-42.29939673494942,1823.6411299496763
COSMOS 2251 DEB,36622,-1689.4358753597328,-1064.0164271769606,6755.360559252586
COSMOS 2251 DEB,36632,2272.2419219488143,95.39937648676313,6733.844947307842
COSMOS 2251 DEB,37084,-1989.0017064590577,-757.1018656167263,6590.020243769215
COSMOS 2251 DEB,37089,-4177.693416953095,3740.397701778432,-4398.351112719906
COSMOS 2251 DEB,37094,-2491.9209588303584,-256.1468209222023,6621.610287122377
COSMOS 2251 DEB,37095,5706.817784020445,4168.345137875426,1508.2340677155817
COSMOS 2251 DEB,37101,-1921.4733389707844,108.46358291368438,6750.317511816675
COSMOS 2251 DEB,37108,240.32107018884716,6806.1048250875265,-2291.0270999122563
COSMOS 2251 DEB,37118,-2664.783098241283,-5379.309857041116,3581.7510083479888
COSMOS 2251 DEB,37126,221.9817681228942,1942.7285167846985,6741.498198192371
COSMOS 2251 DEB,37132,2819.7937613019735,4613.024255723124,-4481.994275741842
COSMOS 2251 DEB,37270,3566.8955869422625,3700.926972574293,4999.696225121743
COSMOS 2251 DEB,37278,4819.539105789603,-704.0250326611045,-5573.570442376229
COSMOS 2251 DEB,37280,1588.5896439593855,-2250.5451545005594,-6658.242176674232
COSMOS 2251 DEB,37284,1207.9153969186143,-1905.6409924754373,6976.283975038279
COSMOS 2251 DEB,37292,-915.1724779295572,-7220.758903421879,1032.1754088890543
COSMOS 2251 DEB,37295,-1283.0278960474457,-3068.0485508586635,-6242.469877220343
COSMOS 2251 DEB,37305,-481.400022770737,3938.2183721557417,5948.855204187161
COSMOS 2251 DEB,37312,-4317.585571817803,-4252.537572160994,3734.726016973903
COSMOS 2251 DEB,37316,1550.6030700093568,1842.9247580418846,6469.998672836679
COSMOS 2251 DEB,37320,-6137.20866613518,-3395.9813128070846,-166.85616508224857
COSMOS 2251 DEB,37326,1140.645457551017,-2564.4397300649225,-6517.6024429007075
COSMOS 2251 DEB,37330,-3675.348182540351,5512.809488468001,-2509.395663532378
COSMOS 2251 DEB,37331,-1113.5218499235057,4608.41515809844,5294.422952534727
COSMOS 2251 DEB,37336,-1888.9257106881582,2258.3878669426394,6518.339487078431
COSMOS 2251 DEB,37340,-287.56150610991034,-3843.2703118560125,-6014.820045160688
COSMOS 2251 DEB,37483,4292.3584673916275,-304.6720676945047,-5672.836539150613
COSMOS 2251 DEB,37484,-1676.904836171635,1231.6375821078177,-6808.3984524112575
COSMOS 2251 DEB,37486,686.1932132275344,-3332.911569212212,6490.7424724530165
COSMOS 2251 DEB,37487,-3412.4136541323414,1900.971719795681,-5758.002452234522
COSMOS 2251 DEB,37491,46.73520048284318,2653.1665945626,7097.92438764566
COSMOS 2251 DEB,37496,-2721.9292599792802,5982.644179772772,2251.0902955807
COSMOS 2251 DEB,37498,-6751.796883278121,-452.7480052468441,-2122.859080229828
COSMOS 2251 DEB,37499,6681.377015108128,-2511.4558769307373,40.197766636438566
COSMOS 2251 DEB,37528,-4248.198919434227,2897.9412816742947,4911.8492229373405
COSMOS 2251 DEB,37530,-6823.5243739687,497.66473023523884,-2170.0170075953715
COSMOS 2251 DEB,37531,-1524.6070437901017,2784.6772531481656,-6283.235397468427
COSMOS 2251 DEB,37532,-2433.0831918499216,159.59578372088842,-6692.547400609194
COSMOS 2251 DEB,37533,3566.2902696981014,721.084221059473,6297.358174189111
COSMOS 2251 DEB,37535,1697.9663757137928,-1157.9152365469051,-6777.054494072934
COSMOS 2251 DEB,37537,2089.3450686957935,-5659.466545234405,3757.0073996354945
COSMOS 2251 DEB,37546,-1832.8545058468665,-3720.0142967809134,5609.015870014565
COSMOS 2251 DEB,37959,-2700.1954852043486,-1002.7798345026205,6423.108667131428
COSMOS 2251 DEB,37960,5510.015149127114,4427.52631855508,-162.60178242165856
COSMOS 2251 DEB,37961,2762.4556709349663,120.85757038237529,-6511.923522882226
COSMOS 2251 DEB,37966,5636.5790057983595,2000.1476090460706,-3217.4341657385585
COSMOS 2251 DEB,37967,3708.657724840468,-187.27898076386623,-5968.928105266021
COSMOS 2251 DEB,37968,-2088.005819481045,-85.78506580466056,-6572.15159217401
COSMOS 2251 DEB,37971,-4473.618970743525,-5440.078837034244,-609.1485901307137
COSMOS 2251 DEB,37975,-4414.517997187978,5224.08677022091,1454.5305018645572
COSMOS 2251 DEB,37985,-1706.7555740575917,6915.806946551806,-817.5857012172124
COSMOS 2251 DEB,37988,32.34782092475969,2063.230128407168,6703.896471084518
COSMOS 2251 DEB,37993,-3157.785881109203,2353.7556087575567,-5870.810514134263
COSMOS 2251 DEB,37994,2185.0133420465945,-283.96345564846985,6787.696230199964
COSMOS 2251 DEB,37996,-2302.4659953165665,-5174.229446299323,4515.537496436449
COSMOS 2251 DEB,37998,1642.040680136514,-1159.1895358555241,6833.446098163615
COSMOS 2251 DEB,38001,-2284.299302811478,62.22926293631368,6653.403883089439
COSMOS 2251 DEB,38006,-4318.628745478626,-5113.977006050588,-2468.917244010139
COSMOS 2251 DEB,38054,5826.782652882542,-4295.2622627073915,1972.2107140912647
COSMOS 2251 DEB,38055,1868.1939319224905,-1399.1324315167099,6651.221504855797
COSMOS 2251 DEB,38056,2170.1551975121292,-4335.968971320659,-5278.008801795972
COSMOS 2251 DEB,38060,3362.506470634813,-5939.561889093662,1631.0410332912513
COSMOS 2251 DEB,38062,-1257.562642299354,5042.262835967616,-4605.346898466794
COSMOS 2251 DEB,38064,-3989.831957386086,5721.525624640457,-1382.559544043599
COSMOS 2251 DEB,38067,2051.8053757214125,-1260.0476000207518,6609.212792762316
COSMOS 2251 DEB,38068,1200.287734527487,1571.4449252976638,6858.928636692562
COSMOS 2251 DEB,38197,-1291.531346681976,2217.6400204929396,6482.584830188446
COSMOS 2251 DEB,38199,3574.104040278078,-6446.248505224644,-2101.425631141779
COSMOS 2251 DEB,38208,15.246654573298125,3868.999275908287,5790.452377460809
COSMOS 2251 DEB,38212,1495.6720413287876,-1455.2786608527003,-6767.2376395604515
COSMOS 2251 DEB,38220,4815.64783483641,4958.976489250798,-506.888798322209
COSMOS 2251 DEB,38479,-927.1970045458297,1756.2593005084016,-6800.159029757141
COSMOS 2251 DEB,38481,4704.412881751674,5188.135654283375,1764.275684369067
COSMOS 2251 DEB,38483,4366.434366779021,1242.3991338508815,-5639.129478822098
COSMOS 2251 DEB,38486,4023.508090869002,-586.647911049687,5731.293999428223
COSMOS 2251 DEB,38487,6703.187269282282,-245.88037429048973,1278.8860754054622
COSMOS 2251 DEB,39109,-3175.7436310245726,-399.6007053045272,-6224.421536995259
COSMOS 2251 DEB,39110,2467.6404850939325,276.96435340679096,-6528.252402972
COSMOS 2251 DEB,39546,591.8309582110116,-4347.357659473889,5397.671189728936
COSMOS 2251 DEB,39547,2521.7350720153568,1266.75338686611,6229.328561980121
COSMOS 2251 DEB,39553,4933.28016200816,-1089.3646009574895,-5410.478638196406
COSMOS 2251 DEB,39554,1286.350693858755,-1407.6653064656784,6550.774132701979
COSMOS 2251 DEB,39583,-109.74901051586511,-4275.247307552511,5622.2513089897275
COSMOS 2251 DEB,39585,3294.358148722048,-1735.5748194465561,5967.843780598925
COSMOS 2251 DEB,39586,2227.5926467830454,6920.082771151965,-125.71483042087971
COSMOS 2251 DEB,39591,-2286.6600318269584,-2086.529309085935,-6410.860971743516
COSMOS 2251 DEB,40218,-283.60607133639525,-6701.156267738394,2408.9463800106446
COSMOS 2251 DEB,40223,-1110.1799332789933,-4127.950889761067,-5315.169243972311
COSMOS 2251 DEB,40228,-1234.15507857809,6526.162013729401,-2612.7050500200844
COSMOS 2251 DEB,40230,2407.9500657182616,95.23601480223019,6685.535290351161
COSMOS 2251 DEB,40233,2538.936473819379,-4390.327793947762,-4934.501749475024
COSMOS 2251 DEB,40236,-2140.500024374642,-3187.4796957911785,6021.227950612709
COSMOS 2251 DEB,40237,6287.861718475921,759.6847947837867,-2453.6759592634326
COSMOS 2251 DEB,40238,5747.351015776261,-4590.363551039528,-2536.2827842457623
COSMOS 2251 DEB,40239,609.9876096716298,-6934.112193485541,-801.6571199109411
COSMOS 2251 DEB,40792,-4943.881788916118,-3584.64973839007,3481.2638485512957
COSMOS 2251 DEB,40793,-6614.760987707309,-2362.5888469111883,1445.0904724079069
COSMOS 2251 DEB,40794,664.1760897348169,-6512.543133722939,2207.0056401623146
COSMOS 2251 DEB,40796,2189.59620916476,-4603.4336694208505,4780.274049093445
COSMOS 2251 DEB,40797,-1807.3726598762607,636.0958870242204,6656.026288216662
COSMOS 2251 DEB,40799,1205.840844635025,6708.667586308503,1409.073093392413
COSMOS 2251 DEB,40802,2387.084055772017,-3586.8758695182787,5505.238540826564
COSMOS 2251 DEB,40803,-2722.1358241741705,-912.8940291232689,6495.52118232484
COSMOS 2251 DEB,40808,-3390.921161550932,373.50298886175415,6147.396799065185
COSMOS 2251 DEB,40810,-1678.7087500101493,-6825.915899072075,661.2248386702062
COSMOS 2251 DEB,46271,1893.947043003572,-617.9615530614698,-6827.706714443835
COSMOS 2251 DEB,46430,3093.192515334319,1804.429109762892,6187.692551097485
COSMOS 2251 DEB,46432,7421.921723711603,-541.8277725367192,90.30489946193944
COSMOS 2251 DEB,47045,4934.927157130561,119.76724490684411,-5141.539787536875
COSMOS 2251 DEB,47048,-2546.8865808566366,3736.496463712956,5338.524765813464
COSMOS 2251 DEB,47051,-306.56750115234246,3020.289370664297,-6583.156695551948
COSMOS 2251 DEB,47052,-3487.685065881551,1887.9729786657424,5946.353995552484
COSMOS 2251 DEB,47053,4409.740939555838,-2993.1986105474894,4819.947141921448
COSMOS 2251 DEB,47059,-6325.338562075871,-1140.3102104005945,-2154.06739157372
COSMOS 2251 DEB,47062,554.4863839943624,2398.2924490599303,-6858.701205227445
COSMOS 2251 DEB,47068,-5880.696563408099,-2207.8165397385433,-3289.4508827451314
COSMOS 2251 DEB,47069,-1941.3448320044972,6106.90625961947,2768.45430844212
COSMOS 2251 DEB,47073,-1762.675898315144,932.8912601260175,-6891.518257676168
COSMOS 2251 DEB,47074,-6005.481683160855,3945.186994480794,-484.9876384661397
COSMOS 2251 DEB,47116,302.44871877776467,-2158.445128416803,6573.718713389375
COSMOS 2251 DEB,53093,-1181.4197120562578,3700.1777563783003,5979.035315112511
